reaction_uid,model_reaction_id,reaction_name,model_equation,direction,lower_bound,upper_bound,reactant_compound_uids,product_compound_uids,stoichiometry_json,genes,orfs,gpr,enzyme_evidence_rows,enzyme_protein_ids,enzyme_orfs,enzyme_gene_symbols,enzyme_ec_numbers,enzyme_confidence_levels,metanetx_reaction_id,kegg_reaction_id,bigg_reaction_id,sbo_id,external_database_crossrefs_compact,all_crossrefs_compact,rxndb_id,rxndb_template_id,rxndb_ec_number,rxndb_similarity,confidence_status,evidence_tier,training_role,export_group,label_source,usable_as_first_pass_training_label
MODEL_RXN:0007462,rxnu102,rxnu102,snu_100 --> snu_102,forward,0.0,1000.0,MODEL_CMPD:0003202,MODEL_CMPD:0003203,"{""snu_100"": -1, ""snu_102"": 1}",,,,0,,,,,,,,,,,,,,,,underground_no_selected_rxndb_match,review_required,exclude_until_provenance_resolved,excluded_review_required,unresolved_underground_reaction,False
MODEL_RXN:0007463,rxnu105,rxnu105,snu_103 --> snu_105,forward,0.0,1000.0,MODEL_CMPD:0003204,MODEL_CMPD:0003205,"{""snu_103"": -1, ""snu_105"": 1}",,,,0,,,,,,,,,,,,,,,,underground_no_selected_rxndb_match,review_required,exclude_until_provenance_resolved,excluded_review_required,unresolved_underground_reaction,False
MODEL_RXN:0007464,rxnu108,rxnu108,snu_106 --> snu_108,forward,0.0,1000.0,MODEL_CMPD:0003206,MODEL_CMPD:0003207,"{""snu_106"": -1, ""snu_108"": 1}",,,,0,,,,,,,,,,,,,,,,underground_no_selected_rxndb_match,review_required,exclude_until_provenance_resolved,excluded_review_required,unresolved_underground_reaction,False
MODEL_RXN:0007465,rxnu111,rxnu111,snu_109 --> snu_111,forward,0.0,1000.0,MODEL_CMPD:0003208,MODEL_CMPD:0003209,"{""snu_109"": -1, ""snu_111"": 1}",,,,0,,,,,,,,,,,,,,,,underground_no_selected_rxndb_match,review_required,exclude_until_provenance_resolved,excluded_review_required,unresolved_underground_reaction,False
MODEL_RXN:0007466,rxnu114,rxnu114,snu_112 --> snu_114,forward,0.0,1000.0,MODEL_CMPD:0003210,MODEL_CMPD:0003211,"{""snu_112"": -1, ""snu_114"": 1}",,,,0,,,,,,,,,,,,,,,,underground_no_selected_rxndb_match,review_required,exclude_until_provenance_resolved,excluded_review_required,unresolved_underground_reaction,False
MODEL_RXN:0007467,rxnu117,rxnu117,snu_115 --> snu_117,forward,0.0,1000.0,MODEL_CMPD:0003212,MODEL_CMPD:0003213,"{""snu_115"": -1, ""snu_117"": 1}",,,,0,,,,,,,,,,,,,,,,underground_no_selected_rxndb_match,review_required,exclude_until_provenance_resolved,excluded_review_required,unresolved_underground_reaction,False
MODEL_RXN:0007468,rxnu12,rxnu12,snu_10 --> snu_12,forward,0.0,1000.0,MODEL_CMPD:0003201,MODEL_CMPD:0003215,"{""snu_10"": -1, ""snu_12"": 1}",,,,0,,,,,,,,,,,,,,,,underground_no_selected_rxndb_match,review_required,exclude_until_provenance_resolved,excluded_review_required,unresolved_underground_reaction,False
MODEL_RXN:0007469,rxnu120,rxnu120,snu_118 --> snu_120,forward,0.0,1000.0,MODEL_CMPD:0003214,MODEL_CMPD:0003216,"{""snu_118"": -1, ""snu_120"": 1}",,,,0,,,,,,,,,,,,,,,,underground_no_selected_rxndb_match,review_required,exclude_until_provenance_resolved,excluded_review_required,unresolved_underground_reaction,False
MODEL_RXN:0007470,rxnu123,rxnu123,snu_121 --> snu_123,forward,0.0,1000.0,MODEL_CMPD:0003217,MODEL_CMPD:0003218,"{""snu_121"": -1, ""snu_123"": 1}",,,,0,,,,,,,,,,,,,,,,underground_no_selected_rxndb_match,review_required,exclude_until_provenance_resolved,excluded_review_required,unresolved_underground_reaction,False
MODEL_RXN:0007471,rxnu126,rxnu126,snu_124 --> snu_126,forward,0.0,1000.0,MODEL_CMPD:0003219,MODEL_CMPD:0003220,"{""snu_124"": -1, ""snu_126"": 1}",,,,0,,,,,,,,,,,,,,,,underground_no_selected_rxndb_match,review_required,exclude_until_provenance_resolved,excluded_review_required,unresolved_underground_reaction,False
MODEL_RXN:0007472,rxnu129,rxnu129,snu_127 --> snu_129,forward,0.0,1000.0,MODEL_CMPD:0003221,MODEL_CMPD:0003222,"{""snu_127"": -1, ""snu_129"": 1}",,,,0,,,,,,,,,,,,,,,,underground_no_selected_rxndb_match,review_required,exclude_until_provenance_resolved,excluded_review_required,unresolved_underground_reaction,False
MODEL_RXN:0007473,rxnu132,rxnu132,snu_130 --> snu_132,forward,0.0,1000.0,MODEL_CMPD:0003224,MODEL_CMPD:0003225,"{""snu_130"": -1, ""snu_132"": 1}",,,,0,,,,,,,,,,,,,,,,underground_no_selected_rxndb_match,review_required,exclude_until_provenance_resolved,excluded_review_required,unresolved_underground_reaction,False
MODEL_RXN:0007474,rxnu135,rxnu135,snu_133 --> snu_135,forward,0.0,1000.0,MODEL_CMPD:0003226,MODEL_CMPD:0003227,"{""snu_133"": -1, ""snu_135"": 1}",,,,0,,,,,,,,,,,,,,,,underground_no_selected_rxndb_match,review_required,exclude_until_provenance_resolved,excluded_review_required,unresolved_underground_reaction,False
MODEL_RXN:0007475,rxnu138,rxnu138,snu_136 --> snu_138,forward,0.0,1000.0,MODEL_CMPD:0003228,MODEL_CMPD:0003229,"{""snu_136"": -1, ""snu_138"": 1}",,,,0,,,,,,,,,,,,,,,,underground_no_selected_rxndb_match,review_required,exclude_until_provenance_resolved,excluded_review_required,unresolved_underground_reaction,False
MODEL_RXN:0007476,rxnu141,rxnu141,snu_139 --> snu_141,forward,0.0,1000.0,MODEL_CMPD:0003230,MODEL_CMPD:0003231,"{""snu_139"": -1, ""snu_141"": 1}",,,,0,,,,,,,,,,,,,,,,underground_no_selected_rxndb_match,review_required,exclude_until_provenance_resolved,excluded_review_required,unresolved_underground_reaction,False
MODEL_RXN:0007477,rxnu144,rxnu144,snu_142 --> snu_144,forward,0.0,1000.0,MODEL_CMPD:0003232,MODEL_CMPD:0003233,"{""snu_142"": -1, ""snu_144"": 1}",,,,0,,,,,,,,,,,,,,,,underground_no_selected_rxndb_match,review_required,exclude_until_provenance_resolved,excluded_review_required,unresolved_underground_reaction,False
MODEL_RXN:0007478,rxnu147,rxnu147,snu_145 --> snu_147,forward,0.0,1000.0,MODEL_CMPD:0003234,MODEL_CMPD:0003235,"{""snu_145"": -1, ""snu_147"": 1}",,,,0,,,,,,,,,,,,,,,,underground_no_selected_rxndb_match,review_required,exclude_until_provenance_resolved,excluded_review_required,unresolved_underground_reaction,False
MODEL_RXN:0007479,rxnu15,rxnu15,snu_13 --> snu_15,forward,0.0,1000.0,MODEL_CMPD:0003223,MODEL_CMPD:0003237,"{""snu_13"": -1, ""snu_15"": 1}",,,,0,,,,,,,,,,,,,,,,underground_no_selected_rxndb_match,review_required,exclude_until_provenance_resolved,excluded_review_required,unresolved_underground_reaction,False
MODEL_RXN:0007480,rxnu150,rxnu150,snu_148 --> snu_150,forward,0.0,1000.0,MODEL_CMPD:0003236,MODEL_CMPD:0003238,"{""snu_148"": -1, ""snu_150"": 1}",,,,0,,,,,,,,,,,,,,,,underground_no_selected_rxndb_match,review_required,exclude_until_provenance_resolved,excluded_review_required,unresolved_underground_reaction,False
MODEL_RXN:0007481,rxnu153,rxnu153,snu_151 --> snu_153,forward,0.0,1000.0,MODEL_CMPD:0003239,MODEL_CMPD:0003240,"{""snu_151"": -1, ""snu_153"": 1}",,,,0,,,,,,,,,,,,,,,,underground_no_selected_rxndb_match,review_required,exclude_until_provenance_resolved,excluded_review_required,unresolved_underground_reaction,False
MODEL_RXN:0007482,rxnu18,rxnu18,snu_16 --> snu_18,forward,0.0,1000.0,MODEL_CMPD:0003241,MODEL_CMPD:0003242,"{""snu_16"": -1, ""snu_18"": 1}",,,,0,,,,,,,,,,,,,,,,underground_no_selected_rxndb_match,review_required,exclude_until_provenance_resolved,excluded_review_required,unresolved_underground_reaction,False
MODEL_RXN:0007483,rxnu21,rxnu21,snu_19 --> snu_21,forward,0.0,1000.0,MODEL_CMPD:0003243,MODEL_CMPD:0003244,"{""snu_19"": -1, ""snu_21"": 1}",,,,0,,,,,,,,,,,,,,,,underground_no_selected_rxndb_match,review_required,exclude_until_provenance_resolved,excluded_review_required,unresolved_underground_reaction,False
MODEL_RXN:0007484,rxnu24,rxnu24,snu_22 --> snu_24,forward,0.0,1000.0,MODEL_CMPD:0003245,MODEL_CMPD:0003246,"{""snu_22"": -1, ""snu_24"": 1}",,,,0,,,,,,,,,,,,,,,,underground_no_selected_rxndb_match,review_required,exclude_until_provenance_resolved,excluded_review_required,unresolved_underground_reaction,False
MODEL_RXN:0007485,rxnu27,rxnu27,snu_25 --> snu_27,forward,0.0,1000.0,MODEL_CMPD:0003247,MODEL_CMPD:0003248,"{""snu_25"": -1, ""snu_27"": 1}",,,,0,,,,,,,,,,,,,,,,underground_no_selected_rxndb_match,review_required,exclude_until_provenance_resolved,excluded_review_required,unresolved_underground_reaction,False
MODEL_RXN:0007486,rxnu3,rxnu3,snu_1 --> snu_3,forward,0.0,1000.0,MODEL_CMPD:0003200,MODEL_CMPD:0003250,"{""snu_1"": -1, ""snu_3"": 1}",,,,0,,,,,,,,,,,,,,,,underground_no_selected_rxndb_match,review_required,exclude_until_provenance_resolved,excluded_review_required,unresolved_underground_reaction,False
MODEL_RXN:0007487,rxnu30,rxnu30,snu_28 --> snu_30,forward,0.0,1000.0,MODEL_CMPD:0003249,MODEL_CMPD:0003251,"{""snu_28"": -1, ""snu_30"": 1}",,,,0,,,,,,,,,,,,,,,,underground_no_selected_rxndb_match,review_required,exclude_until_provenance_resolved,excluded_review_required,unresolved_underground_reaction,False
MODEL_RXN:0007488,rxnu33,rxnu33,snu_31 --> snu_33,forward,0.0,1000.0,MODEL_CMPD:0003252,MODEL_CMPD:0003253,"{""snu_31"": -1, ""snu_33"": 1}",,,,0,,,,,,,,,,,,,,,,underground_no_selected_rxndb_match,review_required,exclude_until_provenance_resolved,excluded_review_required,unresolved_underground_reaction,False
MODEL_RXN:0007489,rxnu36,rxnu36,snu_34 --> snu_36,forward,0.0,1000.0,MODEL_CMPD:0003254,MODEL_CMPD:0003255,"{""snu_34"": -1, ""snu_36"": 1}",,,,0,,,,,,,,,,,,,,,,underground_no_selected_rxndb_match,review_required,exclude_until_provenance_resolved,excluded_review_required,unresolved_underground_reaction,False
MODEL_RXN:0007490,rxnu39,rxnu39,snu_37 --> snu_39,forward,0.0,1000.0,MODEL_CMPD:0003256,MODEL_CMPD:0003257,"{""snu_37"": -1, ""snu_39"": 1}",,,,0,,,,,,,,,,,,,,,,underground_no_selected_rxndb_match,review_required,exclude_until_provenance_resolved,excluded_review_required,unresolved_underground_reaction,False
MODEL_RXN:0007491,rxnu42,rxnu42,snu_40 --> snu_42,forward,0.0,1000.0,MODEL_CMPD:0003259,MODEL_CMPD:0003260,"{""snu_40"": -1, ""snu_42"": 1}",,,,0,,,,,,,,,,,,,,,,underground_no_selected_rxndb_match,review_required,exclude_until_provenance_resolved,excluded_review_required,unresolved_underground_reaction,False
MODEL_RXN:0007492,rxnu45,rxnu45,snu_43 --> snu_45,forward,0.0,1000.0,MODEL_CMPD:0003261,MODEL_CMPD:0003262,"{""snu_43"": -1, ""snu_45"": 1}",,,,0,,,,,,,,,,,,,,,,underground_no_selected_rxndb_match,review_required,exclude_until_provenance_resolved,excluded_review_required,unresolved_underground_reaction,False
MODEL_RXN:0007493,rxnu48,rxnu48,snu_46 --> snu_48,forward,0.0,1000.0,MODEL_CMPD:0003263,MODEL_CMPD:0003264,"{""snu_46"": -1, ""snu_48"": 1}",,,,0,,,,,,,,,,,,,,,,underground_no_selected_rxndb_match,review_required,exclude_until_provenance_resolved,excluded_review_required,unresolved_underground_reaction,False
MODEL_RXN:0007494,rxnu51,rxnu51,snu_49 --> snu_51,forward,0.0,1000.0,MODEL_CMPD:0003265,MODEL_CMPD:0003266,"{""snu_49"": -1, ""snu_51"": 1}",,,,0,,,,,,,,,,,,,,,,underground_no_selected_rxndb_match,review_required,exclude_until_provenance_resolved,excluded_review_required,unresolved_underground_reaction,False
MODEL_RXN:0007495,rxnu54,rxnu54,snu_52 --> snu_54,forward,0.0,1000.0,MODEL_CMPD:0003267,MODEL_CMPD:0003268,"{""snu_52"": -1, ""snu_54"": 1}",,,,0,,,,,,,,,,,,,,,,underground_no_selected_rxndb_match,review_required,exclude_until_provenance_resolved,excluded_review_required,unresolved_underground_reaction,False
MODEL_RXN:0007496,rxnu57,rxnu57,snu_55 --> snu_57,forward,0.0,1000.0,MODEL_CMPD:0003269,MODEL_CMPD:0003270,"{""snu_55"": -1, ""snu_57"": 1}",,,,0,,,,,,,,,,,,,,,,underground_no_selected_rxndb_match,review_required,exclude_until_provenance_resolved,excluded_review_required,unresolved_underground_reaction,False
MODEL_RXN:0007497,rxnu6,rxnu6,snu_4 --> snu_6,forward,0.0,1000.0,MODEL_CMPD:0003258,MODEL_CMPD:0003272,"{""snu_4"": -1, ""snu_6"": 1}",,,,0,,,,,,,,,,,,,,,,underground_no_selected_rxndb_match,review_required,exclude_until_provenance_resolved,excluded_review_required,unresolved_underground_reaction,False
MODEL_RXN:0007498,rxnu60,rxnu60,snu_58 --> snu_60,forward,0.0,1000.0,MODEL_CMPD:0003271,MODEL_CMPD:0003273,"{""snu_58"": -1, ""snu_60"": 1}",,,,0,,,,,,,,,,,,,,,,underground_no_selected_rxndb_match,review_required,exclude_until_provenance_resolved,excluded_review_required,unresolved_underground_reaction,False
MODEL_RXN:0007499,rxnu63,rxnu63,snu_61 --> snu_63,forward,0.0,1000.0,MODEL_CMPD:0003274,MODEL_CMPD:0003275,"{""snu_61"": -1, ""snu_63"": 1}",,,,0,,,,,,,,,,,,,,,,underground_no_selected_rxndb_match,review_required,exclude_until_provenance_resolved,excluded_review_required,unresolved_underground_reaction,False
MODEL_RXN:0007500,rxnu66,rxnu66,snu_64 --> snu_66,forward,0.0,1000.0,MODEL_CMPD:0003276,MODEL_CMPD:0003277,"{""snu_64"": -1, ""snu_66"": 1}",,,,0,,,,,,,,,,,,,,,,underground_no_selected_rxndb_match,review_required,exclude_until_provenance_resolved,excluded_review_required,unresolved_underground_reaction,False
MODEL_RXN:0007501,rxnu69,rxnu69,snu_67 --> snu_69,forward,0.0,1000.0,MODEL_CMPD:0003278,MODEL_CMPD:0003279,"{""snu_67"": -1, ""snu_69"": 1}",,,,0,,,,,,,,,,,,,,,,underground_no_selected_rxndb_match,review_required,exclude_until_provenance_resolved,excluded_review_required,unresolved_underground_reaction,False
MODEL_RXN:0007502,rxnu72,rxnu72,snu_70 --> snu_72,forward,0.0,1000.0,MODEL_CMPD:0003281,MODEL_CMPD:0003282,"{""snu_70"": -1, ""snu_72"": 1}",,,,0,,,,,,,,,,,,,,,,underground_no_selected_rxndb_match,review_required,exclude_until_provenance_resolved,excluded_review_required,unresolved_underground_reaction,False
MODEL_RXN:0007503,rxnu75,rxnu75,snu_73 --> snu_75,forward,0.0,1000.0,MODEL_CMPD:0003283,MODEL_CMPD:0003284,"{""snu_73"": -1, ""snu_75"": 1}",,,,0,,,,,,,,,,,,,,,,underground_no_selected_rxndb_match,review_required,exclude_until_provenance_resolved,excluded_review_required,unresolved_underground_reaction,False
MODEL_RXN:0007504,rxnu78,rxnu78,snu_76 --> snu_78,forward,0.0,1000.0,MODEL_CMPD:0003285,MODEL_CMPD:0003286,"{""snu_76"": -1, ""snu_78"": 1}",,,,0,,,,,,,,,,,,,,,,underground_no_selected_rxndb_match,review_required,exclude_until_provenance_resolved,excluded_review_required,unresolved_underground_reaction,False
MODEL_RXN:0007505,rxnu81,rxnu81,snu_79 --> snu_81,forward,0.0,1000.0,MODEL_CMPD:0003287,MODEL_CMPD:0003288,"{""snu_79"": -1, ""snu_81"": 1}",,,,0,,,,,,,,,,,,,,,,underground_no_selected_rxndb_match,review_required,exclude_until_provenance_resolved,excluded_review_required,unresolved_underground_reaction,False
MODEL_RXN:0007506,rxnu84,rxnu84,snu_82 --> snu_84,forward,0.0,1000.0,MODEL_CMPD:0003289,MODEL_CMPD:0003290,"{""snu_82"": -1, ""snu_84"": 1}",,,,0,,,,,,,,,,,,,,,,underground_no_selected_rxndb_match,review_required,exclude_until_provenance_resolved,excluded_review_required,unresolved_underground_reaction,False
MODEL_RXN:0007507,rxnu87,rxnu87,snu_85 --> snu_87,forward,0.0,1000.0,MODEL_CMPD:0003291,MODEL_CMPD:0003292,"{""snu_85"": -1, ""snu_87"": 1}",,,,0,,,,,,,,,,,,,,,,underground_no_selected_rxndb_match,review_required,exclude_until_provenance_resolved,excluded_review_required,unresolved_underground_reaction,False
MODEL_RXN:0007508,rxnu9,rxnu9,snu_7 --> snu_9,forward,0.0,1000.0,MODEL_CMPD:0003280,MODEL_CMPD:0003294,"{""snu_7"": -1, ""snu_9"": 1}",,,,0,,,,,,,,,,,,,,,,underground_no_selected_rxndb_match,review_required,exclude_until_provenance_resolved,excluded_review_required,unresolved_underground_reaction,False
MODEL_RXN:0007509,rxnu90,rxnu90,snu_88 --> snu_90,forward,0.0,1000.0,MODEL_CMPD:0003293,MODEL_CMPD:0003295,"{""snu_88"": -1, ""snu_90"": 1}",,,,0,,,,,,,,,,,,,,,,underground_no_selected_rxndb_match,review_required,exclude_until_provenance_resolved,excluded_review_required,unresolved_underground_reaction,False
MODEL_RXN:0007510,rxnu93,rxnu93,snu_91 --> snu_93,forward,0.0,1000.0,MODEL_CMPD:0003296,MODEL_CMPD:0003297,"{""snu_91"": -1, ""snu_93"": 1}",,,,0,,,,,,,,,,,,,,,,underground_no_selected_rxndb_match,review_required,exclude_until_provenance_resolved,excluded_review_required,unresolved_underground_reaction,False
MODEL_RXN:0007511,rxnu96,rxnu96,snu_94 --> snu_96,forward,0.0,1000.0,MODEL_CMPD:0003298,MODEL_CMPD:0003299,"{""snu_94"": -1, ""snu_96"": 1}",,,,0,,,,,,,,,,,,,,,,underground_no_selected_rxndb_match,review_required,exclude_until_provenance_resolved,excluded_review_required,unresolved_underground_reaction,False
MODEL_RXN:0007512,rxnu99,rxnu99,snu_97 --> snu_99,forward,0.0,1000.0,MODEL_CMPD:0003300,MODEL_CMPD:0003301,"{""snu_97"": -1, ""snu_99"": 1}",,,,0,,,,,,,,,,,,,,,,underground_no_selected_rxndb_match,review_required,exclude_until_provenance_resolved,excluded_review_required,unresolved_underground_reaction,False
